（黃金屋）外銷日本精緻轉印仿木紋地墊.60*60.1.5cm.一片80.遊戲墊.巧拼.床墊.運動墊.睡墊,74
（黃金屋）外銷日本精緻仿木紋地墊.32*32*1.4cm.一片20(附邊條)戲墊.巧拼.床墊.運動墊.睡墊,72
（黃金屋）外銷日本精緻轉印仿木紋地墊.60*60.1.5cm.一片80.(附兩邊條)遊戲墊.巧拼.床墊.運動墊.睡墊,49
凱莉小鋪【WD30】日本高質感(可刷卡) 戶外防腐實木地板 卡扣設計DIY 花架陽台庭院浴室地板磁磚地磚,48
惡南宅急店【0120H】送杯袋+清洗刷  韓國日本 My bottle 隨行杯水壺 運動杯 冷水壺飲料杯,47
☆333哺乳室☆非低密買十送一【JF0009】日本高密度卡通雙層紗布巾/兒童手帕/餵奶巾/洗澡巾,46
【1.8mm ~4mm琉璃鑽】日本藤琦鑽＊仿施華洛世奇水鑽＊手機貼鑽材料☆MY飾品材料☆500顆7元,45
日本 丹生堂 蛋黃哥占卜巧克力 (單顆賣場) [JP4990327000301]健康本味,44
日本澳洲西班牙ES/TOOT/Aussiebum/ADDICTED/Seobean/2XIST平角三角內褲7件免運費,41
☆爆殺價☆【日本制造 魔術海綿小號裸裝】10x6x2高科技泡綿神奇魔力廚房清潔納米海棉奈米菜瓜布,40
只賣真品請安心選購 日本原廠公司貨透明矽膠鼻墊 增高防滑 S/M/L/LL 限時特價 可超取付款,39
【1.8mm ~4mm琉璃鑽】藤琦鑽＊樹脂鑽＊仿施華洛世奇水鑽＊日本鑽＊平底鑽＊手機貼鑽材料＊美甲鑽☆好康飾品材料☆,38
【日本原宿水印貼】DLS 25~150 水印貼紙 指甲貼紙 水轉印貼紙 光療水印貼紙 美甲貼紙 美甲材料☆好康飾品材料☆,36
便宜實用 韓國 日本 My bottle 隨身瓶 水瓶 檸檬杯 飲料 創意杯 熊大 鴨子 運動杯,35
【日本原宿水印貼紙】DLS 156~283 指甲貼紙 水轉印貼紙 光療水印貼紙 美甲貼紙 貼花 美甲材料☆好康飾品材料☆,34
日本 丹生堂 占卜甜甜圈造型巧克力 單顆裝 [JP4990327000134]健康本味,33
My bottle 韓國 日本 Today&#39;s special 隨身 水果杯 水瓶 檸檬杯 冷水壺 飲料杯【RS325】,32
*333哺乳室☆【EC0009】 日本全新三層加厚超吸水可洗防溢乳墊(二片裝)哺乳衣母乳袋,29
【限定香味新到貨】日本P&G Lenor Happiness 寶石洗衣芳香粒 香香豆 日本狂賣,28
◎123便利屋◎【DW140】日本暢銷竹炭衣類整理袋-小65L-竹碳收納盒 收納箱 透明視窗整理箱,27
Today&#39;s special My bottle 隨身杯 水果杯 水瓶 檸檬杯  韓國 日本 Hanna【RS325】,26
My bottle 韓國 日本 LINE 熊大 莎莉 水果杯 水瓶 檸檬杯 水壺 飲料杯 運動『價格讚』【RS327】,25
嘉芸的店 P&G 洗衣芳香顆粒 375g 日本衣物香香豆 日本洗衣 芳香顆粒(新增限量款綠色)【可超取付款 可刷卡】,24
日本超夯 3D魔髮梳 球形梳 造型按摩梳 3D球型空氣造型梳 3D球梳 3D神器炸彈梳捲髮器 Lucky 【RS330】,23
My bottle創意随行杯韓國日本My bottle水杯水果水瓶檸檬杯冷水壺飲料杯-UN 宇晨精品【D0715】,22
日本原裝【40421-A】NISSEN加厚超吸款-四層學習褲-戒尿布首選A++特優級-本檔限定超殺價,21
貓麻吉 日本進口   P&G 香香豆 消臭系列 衣物專用柔軟 芳香豆 衣物芳香顆粒 洗衣香粒 香香豆,20
~ 向日葵生活鋪 ~ 日本原裝進口無磷皂 洗碗皂 無磷皂 購一箱30個免運,19
日本 丹生堂 占卜香蕉造型巧克力 單顆賣場 [JP4990327000035]健康本味,18
My bottle 水杯 韓國 日本 Today&#39;s special 水瓶 檸檬杯 冷水壺 飲料杯 隨身杯【RS325】,17
《Jami Honey》【JJ0202】高挺鼻必備！日本防滑透明矽膠眼鏡鼻墊(2入),16
Chis Store【運動時尚】My bottle 韓國日本 LINE 熊大 莎莉雞 水果杯水瓶檸檬杯水壺情人節禮物,15
PS樂【CJ812】韓國日本 My bottle 保溫瓶 隨手瓶 水壺 飲料杯  Starbucks 星巴克可用 保溫杯,14
Line 水杯 My bottle  韓國 日本 L熊大 莎莉 水果杯 水瓶 檸檬杯 水壺 飲料杯 運動【RS327】,13
【Fantasy】日本 GONESH 芳香膠 No.8 春之薄霧車用芳香劑 精油香氛 共9種香味 (後山埤可面交),11
COLORFULL~【B0015】獨家日本梨花兔梨花熊 絨毛波浪條紋保暖室內拖鞋情侶拖鞋地板拖鞋無印良品居家拖 20款,10
日本花王溫感蒸氣眼罩【薰衣草、洋甘菊、無香、玫瑰花、薄荷、柚子、肩貼兩款任選】☆愛美神☆,9
【今飾精品】B0484 日本熱賣款帶燈照明LED挖耳器LED耳扒發光挖耳棒LED挖耳棒附鑷子、夾子,8
日本超夯 3D魔髮梳 球形梳 3D球型空氣造型梳 3D球梳 3D神器炸彈梳捲髮器 Lucky ASHA 【RS331】,7
【非織不可】日本Crown 皇冠牌珠針 大頭針 定位針 每支3元 長珠針 耐熱 可高溫熨燙 可車縫,6
【愛phone】日本 韓國 Today&#39;s special My bottle 隨行杯 水瓶 檸檬杯 冷水壺 飲料杯,5
日本現貨在台〜雪肌粹日本7-11合作限定 (12條以上(4盒)免運 唷),4
【篁城竹簾代號：671B】寧夏和風‧外銷日本限量款~遮陽‧百葉.佈置‧屏風‧窗簾適用,3
日本Pikka Pikka♥林鴒菲拉蕾拉遊巴黎♥ A33/毛孔潔淨洗臉布/精品拭淨布/免運費,2
【 日本品牌 PP褲】 九分褲/屁屁褲/打底褲//動物屁屁褲加厚/ 寶貝樂園【 LM05002】,1
