(黃金屋)外銷SGS認證巧拼地墊.,198
好康飾品材料,132
新品上架中！限時宅配滿499免運,99
健康本味-熱銷泡麵零食699免運,99
Life365 全館499免運,66
333哺乳室(母乳保鮮達人),66
向日葵 0981692838 小天,33
01/14新品上架折扣中,33
飛天豬二小姐的家,33
【Fantasy 范特西】,33
篁城竹簾,33
嘉芸的店日式精品,33
兔子家團購網,33
【今飾精品】專業贈禮品批發零售,33
貝比幸福小舖-瘋狂一元搶購,33
【COLOR FULL】打造你的專屬美麗,33
便宜實用,33
PS樂 全館滿千折百,33
寶貝樂園 新品上架,33
Kelly日韓嚴選,33
超取499免運;宅配888免運,33
起標價即直購價,33
▲傑米▼郵寄399│超取499免運,33
原廠蘋果線250 防旋轉自拍組150,33
非織不可-下標前請看關於我,33
Chis Store＊滿399免運,33
全館滿399全家免運(海馬除外),33
☆MUSE 愛美神☆ 可刷卡!,33
凱莉小鋪66號,33
惡南宅急店‧早春鑑賞$499免運,33
Hanna 早春新品折扣中,33
貓麻吉 滿2000現抵50元,33
芭蒂爾時裝,33
Pikka Pikka,33
